length,num_dots,num_digits,num_special,domain_length,has_subdomain,path_length,num_directories,url,is_blocked
23,2,0,3,15,True,0,0,https://www.harvard.edu,0
34,2,0,4,17,True,9,1,https://isnfc.harvard.edu/irluxoco,0
34,2,0,4,17,True,9,1,https://jcein.harvard.edu/smnwouki,0
34,2,0,4,17,True,9,1,https://gecey.harvard.edu/qvzelsjn,0
34,2,0,4,17,True,9,1,https://wteay.harvard.edu/mswsoicr,0
34,2,0,4,17,True,9,1,https://bquyq.harvard.edu/nzfzgrjp,0
34,2,0,4,17,True,9,1,https://itfpz.harvard.edu/wftiyxon,0
34,2,0,4,17,True,9,1,https://bricd.harvard.edu/uxxufbdg,0
34,2,0,4,17,True,9,1,https://sjosc.harvard.edu/tvtydpel,0
34,2,0,4,17,True,9,1,https://orsnf.harvard.edu/hanhpwza,0
34,2,0,4,17,True,9,1,https://fmiqa.harvard.edu/utcuujch,0
34,2,0,4,17,True,9,1,https://bjecu.harvard.edu/wkzvmdii,0
34,2,0,4,17,True,9,1,https://shzcu.harvard.edu/xdgkstde,0
34,2,0,4,17,True,9,1,https://rmdgz.harvard.edu/dxrtpcnl,0
34,2,0,4,17,True,9,1,https://gkyvf.harvard.edu/wvvatmxt,0
34,2,0,4,17,True,9,1,https://yxkfn.harvard.edu/lvbapqrd,0
34,2,0,4,17,True,9,1,https://clonm.harvard.edu/fvqrmmlv,0
34,2,0,4,17,True,9,1,https://xfphw.harvard.edu/kuaravcn,0
34,2,0,4,17,True,9,1,https://whrua.harvard.edu/dkfhshxx,0
34,2,0,4,17,True,9,1,https://vlkei.harvard.edu/vluttugk,0
34,2,0,4,17,True,9,1,https://wyulh.harvard.edu/czufcojl,0
34,2,0,4,17,True,9,1,https://ftikl.harvard.edu/qlccicom,0
34,2,0,4,17,True,9,1,https://ojknx.harvard.edu/qpkancsf,0
34,2,0,4,17,True,9,1,https://suyfw.harvard.edu/fpdagpck,0
34,2,0,4,17,True,9,1,https://hxlib.harvard.edu/aiqxspeb,0
34,2,0,4,17,True,9,1,https://lzguj.harvard.edu/bptaxgtp,0
34,2,0,4,17,True,9,1,https://gqasi.harvard.edu/nxkowwfd,0
34,2,0,4,17,True,9,1,https://suhzl.harvard.edu/aivppdya,0
34,2,0,4,17,True,9,1,https://zxzja.harvard.edu/rzciyqhk,0
34,2,0,4,17,True,9,1,https://jjiom.harvard.edu/hpdyrcei,0
34,2,0,4,17,True,9,1,https://knlfw.harvard.edu/rrfbijcf,0
34,2,0,4,17,True,9,1,https://kvxqq.harvard.edu/eignssex,0
34,2,0,4,17,True,9,1,https://hgvng.harvard.edu/bxnrpexo,0
34,2,0,4,17,True,9,1,https://jnzga.harvard.edu/ukhrwoqm,0
34,2,0,4,17,True,9,1,https://eiqhd.harvard.edu/bbsrdesj,0
34,2,0,4,17,True,9,1,https://ccfys.harvard.edu/kppwazxv,0
34,2,0,4,17,True,9,1,https://xlhya.harvard.edu/rbcwmjsj,0
34,2,0,4,17,True,9,1,https://tsxjg.harvard.edu/ojpcgamj,0
34,2,0,4,17,True,9,1,https://bmptx.harvard.edu/thqsirga,0
34,2,0,4,17,True,9,1,https://vssec.harvard.edu/zdqsnrga,0
34,2,0,4,17,True,9,1,https://ooygi.harvard.edu/lreuaton,0
34,2,0,4,17,True,9,1,https://goixl.harvard.edu/rlmjhfsp,0
34,2,0,4,17,True,9,1,https://kqenz.harvard.edu/vpudmyzr,0
34,2,0,4,17,True,9,1,https://gourr.harvard.edu/bjtyesdb,0
34,2,0,4,17,True,9,1,https://vnxgs.harvard.edu/ivrzmnfe,0
34,2,0,4,17,True,9,1,https://oiwwx.harvard.edu/rqkftvud,0
34,2,0,4,17,True,9,1,https://pcpbv.harvard.edu/cuvwnfun,0
34,2,0,4,17,True,9,1,https://svofx.harvard.edu/hojoqagt,0
34,2,0,4,17,True,9,1,https://vqbfy.harvard.edu/nqnammzb,0
34,2,0,4,17,True,9,1,https://oiqgm.harvard.edu/dufkitbt,0
34,2,0,4,17,True,9,1,https://eqkmp.harvard.edu/lcdphxty,0
19,2,0,3,11,True,0,0,https://www.mit.edu,0
30,2,0,4,13,True,9,1,https://bgemy.mit.edu/bmjzonin,0
30,2,0,4,13,True,9,1,https://kaydr.mit.edu/mrixcukq,0
30,2,0,4,13,True,9,1,https://ysown.mit.edu/eklcvnnu,0
30,2,0,4,13,True,9,1,https://conqu.mit.edu/witozjdq,0
30,2,0,4,13,True,9,1,https://pknhr.mit.edu/fqloqqub,0
30,2,0,4,13,True,9,1,https://scagq.mit.edu/wtcainkb,0
30,2,0,4,13,True,9,1,https://ksdqh.mit.edu/vdizqcut,0
30,2,0,4,13,True,9,1,https://rctyf.mit.edu/sxaexpfh,0
30,2,0,4,13,True,9,1,https://sjaay.mit.edu/majaeymd,0
30,2,0,4,13,True,9,1,https://wsevq.mit.edu/orbnsyto,0
30,2,0,4,13,True,9,1,https://iqgxm.mit.edu/cvzodxhe,0
30,2,0,4,13,True,9,1,https://mfodb.mit.edu/wlshcfyo,0
30,2,0,4,13,True,9,1,https://eihlv.mit.edu/yeqzcmmp,0
30,2,0,4,13,True,9,1,https://jsjwc.mit.edu/yjrjgdhz,0
30,2,0,4,13,True,9,1,https://szhdd.mit.edu/ahjmbzew,0
30,2,0,4,13,True,9,1,https://jubxq.mit.edu/fjmvgtve,0
30,2,0,4,13,True,9,1,https://pcqqj.mit.edu/prmbetzu,0
30,2,0,4,13,True,9,1,https://jlxzr.mit.edu/blsgaxpn,0
30,2,0,4,13,True,9,1,https://vzpnb.mit.edu/euemqfcu,0
30,2,0,4,13,True,9,1,https://jpwhq.mit.edu/ukhkxkep,0
30,2,0,4,13,True,9,1,https://zefwq.mit.edu/mjqmkypf,0
30,2,0,4,13,True,9,1,https://qwcce.mit.edu/drosrdxk,0
30,2,0,4,13,True,9,1,https://byapm.mit.edu/uplgscgf,0
30,2,0,4,13,True,9,1,https://ivxqu.mit.edu/bvxqbzfi,0
30,2,0,4,13,True,9,1,https://gnlpk.mit.edu/dthbovsz,0
30,2,0,4,13,True,9,1,https://sfkyz.mit.edu/jdmijohv,0
30,2,0,4,13,True,9,1,https://xfuet.mit.edu/ohkaztzo,0
30,2,0,4,13,True,9,1,https://oaxem.mit.edu/ufuoosxm,0
30,2,0,4,13,True,9,1,https://uytlo.mit.edu/pmujvzqa,0
30,2,0,4,13,True,9,1,https://eipty.mit.edu/rlvfnuga,0
30,2,0,4,13,True,9,1,https://dcsml.mit.edu/rvuctqvj,0
30,2,0,4,13,True,9,1,https://vompj.mit.edu/btpoqvjn,0
30,2,0,4,13,True,9,1,https://qkxqe.mit.edu/uvugqhhw,0
30,2,0,4,13,True,9,1,https://qcifa.mit.edu/vovbftzx,0
30,2,0,4,13,True,9,1,https://mowta.mit.edu/wrvpefim,0
30,2,0,4,13,True,9,1,https://oqkcw.mit.edu/fkgqlgrw,0
30,2,0,4,13,True,9,1,https://gbzqe.mit.edu/daubmjnw,0
30,2,0,4,13,True,9,1,https://kuptk.mit.edu/brtqtlcg,0
30,2,0,4,13,True,9,1,https://gbumf.mit.edu/tlxvgxlz,0
30,2,0,4,13,True,9,1,https://xlqpl.mit.edu/iquncrkw,0
30,2,0,4,13,True,9,1,https://ccfhh.mit.edu/plkpfkvv,0
30,2,0,4,13,True,9,1,https://czzpw.mit.edu/lunsimgp,0
30,2,0,4,13,True,9,1,https://qxgsm.mit.edu/ypzqelzx,0
30,2,0,4,13,True,9,1,https://opvaj.mit.edu/wxtvefyb,0
30,2,0,4,13,True,9,1,https://iqiau.mit.edu/hclggilp,0
30,2,0,4,13,True,9,1,https://hfnsk.mit.edu/rqvjhdhy,0
30,2,0,4,13,True,9,1,https://rbahw.mit.edu/cvycijbm,0
30,2,0,4,13,True,9,1,https://ynoud.mit.edu/jchsrxtw,0
30,2,0,4,13,True,9,1,https://rubfg.mit.edu/mdcyqajb,0
30,2,0,4,13,True,9,1,https://uojfd.mit.edu/dukyeegx,0
24,2,0,3,16,True,0,0,https://www.stanford.edu,0
35,2,0,4,18,True,9,1,https://xfuwq.stanford.edu/zwfjpbli,0
35,2,0,4,18,True,9,1,https://gxuzz.stanford.edu/qaybzoqa,0
35,2,0,4,18,True,9,1,https://huuob.stanford.edu/rfvhkpjk,0
35,2,0,4,18,True,9,1,https://tkcow.stanford.edu/woiudizi,0
35,2,0,4,18,True,9,1,https://agsyq.stanford.edu/sjsoskkx,0
35,2,0,4,18,True,9,1,https://mstoi.stanford.edu/ywchuowy,0
35,2,0,4,18,True,9,1,https://aesqg.stanford.edu/ejwdabxz,0
35,2,0,4,18,True,9,1,https://szvgp.stanford.edu/rmyttfuc,0
35,2,0,4,18,True,9,1,https://azaui.stanford.edu/thogdqjn,0
35,2,0,4,18,True,9,1,https://ztjdn.stanford.edu/ucanyvyl,0
35,2,0,4,18,True,9,1,https://svbfo.stanford.edu/kwuxafvl,0
35,2,0,4,18,True,9,1,https://vhkde.stanford.edu/ogpiuncn,0
35,2,0,4,18,True,9,1,https://aeiiw.stanford.edu/qghekkvg,0
35,2,0,4,18,True,9,1,https://nmmfi.stanford.edu/ihiqlvvu,0
35,2,0,4,18,True,9,1,https://qegnv.stanford.edu/mxygsplh,0
35,2,0,4,18,True,9,1,https://cgugl.stanford.edu/ornmiehs,0
35,2,0,4,18,True,9,1,https://hqnwy.stanford.edu/alxmihku,0
35,2,0,4,18,True,9,1,https://uglns.stanford.edu/vtgbonpq,0
35,2,0,4,18,True,9,1,https://ptddj.stanford.edu/otlgzoos,0
35,2,0,4,18,True,9,1,https://mmopq.stanford.edu/phljhdfn,0
35,2,0,4,18,True,9,1,https://fwxtx.stanford.edu/nfruofkj,0
35,2,0,4,18,True,9,1,https://ctlca.stanford.edu/apjvnrmp,0
35,2,0,4,18,True,9,1,https://tkgfi.stanford.edu/dgydnwtq,0
35,2,0,4,18,True,9,1,https://zqryn.stanford.edu/amyumkkk,0
35,2,0,4,18,True,9,1,https://uozsp.stanford.edu/epvrzdob,0
35,2,0,4,18,True,9,1,https://pxxuw.stanford.edu/jjcdfoiz,0
35,2,0,4,18,True,9,1,https://xsvwh.stanford.edu/eiecyuas,0
35,2,0,4,18,True,9,1,https://hyqgq.stanford.edu/qkvjzphj,0
35,2,0,4,18,True,9,1,https://gdhdp.stanford.edu/ipvbmiwj,0
35,2,0,4,18,True,9,1,https://asyah.stanford.edu/pyktdqno,0
35,2,0,4,18,True,9,1,https://fyfsw.stanford.edu/kjgrbebm,0
35,2,0,4,18,True,9,1,https://hnezu.stanford.edu/fxrilnjg,0
35,2,0,4,18,True,9,1,https://adgfb.stanford.edu/eskadsth,0
35,2,0,4,18,True,9,1,https://qppwo.stanford.edu/pxwockfh,0
35,2,0,4,18,True,9,1,https://dmktu.stanford.edu/tfromngj,0
35,2,0,4,18,True,9,1,https://ynmqm.stanford.edu/ycxsgmjy,0
35,2,0,4,18,True,9,1,https://upmtw.stanford.edu/poicvxzi,0
35,2,0,4,18,True,9,1,https://bvqbd.stanford.edu/hcamszlh,0
35,2,0,4,18,True,9,1,https://axium.stanford.edu/prxbqpnf,0
35,2,0,4,18,True,9,1,https://bibtc.stanford.edu/mgzvamjf,0
35,2,0,4,18,True,9,1,https://rinoy.stanford.edu/wxomtvhc,0
35,2,0,4,18,True,9,1,https://jdtyz.stanford.edu/ssvyiqwl,0
35,2,0,4,18,True,9,1,https://rxhpz.stanford.edu/hqcqojed,0
35,2,0,4,18,True,9,1,https://umtma.stanford.edu/pacvmsqv,0
35,2,0,4,18,True,9,1,https://bpyjj.stanford.edu/xjnaigrg,0
35,2,0,4,18,True,9,1,https://mcmqj.stanford.edu/ekhwwmla,0
35,2,0,4,18,True,9,1,https://qkfra.stanford.edu/gogfhsni,0
35,2,0,4,18,True,9,1,https://wuvwn.stanford.edu/liwovlci,0
35,2,0,4,18,True,9,1,https://bflnn.stanford.edu/dbzadfwn,0
35,2,0,4,18,True,9,1,https://kglpl.stanford.edu/ptoxgrtx,0
24,2,0,3,16,True,0,0,https://www.coursera.org,0
35,2,0,4,18,True,9,1,https://wdmsi.coursera.org/gasxlaud,0
35,2,0,4,18,True,9,1,https://ngexp.coursera.org/qbyqxxzf,0
35,2,0,4,18,True,9,1,https://nypij.coursera.org/vcdrohly,0
35,2,0,4,18,True,9,1,https://hgbuh.coursera.org/dpzasrba,0
35,2,0,4,18,True,9,1,https://ywqog.coursera.org/ndhmelyc,0
35,2,0,4,18,True,9,1,https://perxn.coursera.org/tzmkqfvv,0
35,2,0,4,18,True,9,1,https://rdrll.coursera.org/pjfkodtr,0
35,2,0,4,18,True,9,1,https://uujza.coursera.org/fjnqndms,0
35,2,0,4,18,True,9,1,https://iqmct.coursera.org/fauesaoz,0
35,2,0,4,18,True,9,1,https://twyma.coursera.org/nwtvprla,0
35,2,0,4,18,True,9,1,https://xdzgi.coursera.org/hvvvuoje,0
35,2,0,4,18,True,9,1,https://kqldv.coursera.org/zienwqlt,0
35,2,0,4,18,True,9,1,https://qickc.coursera.org/jzjfkwru,0
35,2,0,4,18,True,9,1,https://egcto.coursera.org/aelzapiy,0
35,2,0,4,18,True,9,1,https://egiuk.coursera.org/xbsbnxpq,0
35,2,0,4,18,True,9,1,https://dnoib.coursera.org/uquhxjgm,0
35,2,0,4,18,True,9,1,https://dqctp.coursera.org/rkabyjle,0
35,2,0,4,18,True,9,1,https://fcntf.coursera.org/bidqmfmi,0
35,2,0,4,18,True,9,1,https://pideu.coursera.org/balavqqd,0
35,2,0,4,18,True,9,1,https://nvlhi.coursera.org/bisoeuhw,0
35,2,0,4,18,True,9,1,https://qkiqw.coursera.org/yjmlvmcq,0
35,2,0,4,18,True,9,1,https://avbph.coursera.org/ikfxzcbj,0
35,2,0,4,18,True,9,1,https://mywnd.coursera.org/bzctzgne,0
35,2,0,4,18,True,9,1,https://bjvko.coursera.org/zippdxld,0
35,2,0,4,18,True,9,1,https://vzgni.coursera.org/ainhxlwm,0
35,2,0,4,18,True,9,1,https://bpcta.coursera.org/fegyfssp,0
35,2,0,4,18,True,9,1,https://wyyqo.coursera.org/rxnwkppc,0
35,2,0,4,18,True,9,1,https://sxwmt.coursera.org/wkutbpgo,0
35,2,0,4,18,True,9,1,https://unwhs.coursera.org/ivywfzvc,0
35,2,0,4,18,True,9,1,https://xykdj.coursera.org/mdyuzuxm,0
35,2,0,4,18,True,9,1,https://pamdq.coursera.org/xbccxrbk,0
35,2,0,4,18,True,9,1,https://ivbqn.coursera.org/fhhrofmt,0
35,2,0,4,18,True,9,1,https://clhqi.coursera.org/swrrmqqg,0
35,2,0,4,18,True,9,1,https://jinkx.coursera.org/ixyfusgs,0
35,2,0,4,18,True,9,1,https://uzjyr.coursera.org/sgkgbzzd,0
35,2,0,4,18,True,9,1,https://oouvk.coursera.org/jacdyaxl,0
35,2,0,4,18,True,9,1,https://tzfnc.coursera.org/hfjjjaih,0
35,2,0,4,18,True,9,1,https://fyuoy.coursera.org/cwtfkixr,0
35,2,0,4,18,True,9,1,https://vroha.coursera.org/xiamsghh,0
35,2,0,4,18,True,9,1,https://qjfnf.coursera.org/pooqucrj,0
35,2,0,4,18,True,9,1,https://khhev.coursera.org/mipknwrw,0
35,2,0,4,18,True,9,1,https://oasag.coursera.org/lltvhkgh,0
35,2,0,4,18,True,9,1,https://snofb.coursera.org/yijafzud,0
35,2,0,4,18,True,9,1,https://uljfa.coursera.org/uiazgyts,0
35,2,0,4,18,True,9,1,https://qbfvs.coursera.org/ihwygyya,0
35,2,0,4,18,True,9,1,https://gtyyn.coursera.org/gfmljeoq,0
35,2,0,4,18,True,9,1,https://dvohm.coursera.org/kfhiiirb,0
35,2,0,4,18,True,9,1,https://czwhp.coursera.org/bvwicvlw,0
35,2,0,4,18,True,9,1,https://hjxff.coursera.org/bkbaugva,0
35,2,0,4,18,True,9,1,https://qxnol.coursera.org/qzytuwnv,0
21,2,0,3,13,True,0,0,https://www.udemy.com,0
32,2,0,4,15,True,9,1,https://kwfpd.udemy.com/cyuyzsrz,0
32,2,0,4,15,True,9,1,https://qywqk.udemy.com/hnvfnwmi,0
32,2,0,4,15,True,9,1,https://kozwv.udemy.com/xjsogniw,0
32,2,0,4,15,True,9,1,https://coaig.udemy.com/deqeaisw,0
32,2,0,4,15,True,9,1,https://rwvwv.udemy.com/rtsdznvi,0
32,2,0,4,15,True,9,1,https://enxyy.udemy.com/twuybvii,0
32,2,0,4,15,True,9,1,https://vahsb.udemy.com/ppeaajrm,0
32,2,0,4,15,True,9,1,https://bxeoh.udemy.com/bkczkrqh,0
32,2,0,4,15,True,9,1,https://yzpkv.udemy.com/xdumljob,0
32,2,0,4,15,True,9,1,https://zhkpt.udemy.com/iompgeko,0
32,2,0,4,15,True,9,1,https://nnrvm.udemy.com/hfsycjuy,0
32,2,0,4,15,True,9,1,https://qmyur.udemy.com/ppeztzjq,0
32,2,0,4,15,True,9,1,https://filxj.udemy.com/hrhuqjsk,0
32,2,0,4,15,True,9,1,https://tbiwa.udemy.com/nsqcvpja,0
32,2,0,4,15,True,9,1,https://awlzg.udemy.com/hrbdqrka,0
32,2,0,4,15,True,9,1,https://gvcqo.udemy.com/aratdqxk,0
32,2,0,4,15,True,9,1,https://jiroa.udemy.com/hyqgvilp,0
32,2,0,4,15,True,9,1,https://pcbil.udemy.com/qevcmfir,0
32,2,0,4,15,True,9,1,https://lkeow.udemy.com/hvvqfvou,0
32,2,0,4,15,True,9,1,https://vdcoz.udemy.com/nshpfcfp,0
32,2,0,4,15,True,9,1,https://sydrz.udemy.com/dmctxiae,0
32,2,0,4,15,True,9,1,https://svoor.udemy.com/spegxkgg,0
32,2,0,4,15,True,9,1,https://bgsmc.udemy.com/fjzuboba,0
32,2,0,4,15,True,9,1,https://curmp.udemy.com/tbtmmrzx,0
32,2,0,4,15,True,9,1,https://vwtqk.udemy.com/bqnbciih,0
32,2,0,4,15,True,9,1,https://wyzcl.udemy.com/ldhwzhwi,0
32,2,0,4,15,True,9,1,https://ckqia.udemy.com/nwsumnrw,0
32,2,0,4,15,True,9,1,https://eztgb.udemy.com/hsurvxvg,0
32,2,0,4,15,True,9,1,https://rujrv.udemy.com/bajvmaaw,0
32,2,0,4,15,True,9,1,https://echen.udemy.com/exvarxqs,0
32,2,0,4,15,True,9,1,https://mffen.udemy.com/psytpfyw,0
32,2,0,4,15,True,9,1,https://byxwd.udemy.com/bxdutuue,0
32,2,0,4,15,True,9,1,https://sxlpf.udemy.com/szwbkiuh,0
32,2,0,4,15,True,9,1,https://wtqtx.udemy.com/pfbcsomd,0
32,2,0,4,15,True,9,1,https://lyxig.udemy.com/ftjguqyb,0
32,2,0,4,15,True,9,1,https://btbgr.udemy.com/tmxovlzs,0
32,2,0,4,15,True,9,1,https://tmtzt.udemy.com/gkthvqyv,0
32,2,0,4,15,True,9,1,https://tthun.udemy.com/yeuenlro,0
32,2,0,4,15,True,9,1,https://moxxx.udemy.com/bxynrxuz,0
32,2,0,4,15,True,9,1,https://mokqq.udemy.com/qddrwtxl,0
32,2,0,4,15,True,9,1,https://sdwhv.udemy.com/csrhantu,0
32,2,0,4,15,True,9,1,https://upgoq.udemy.com/vajfcenz,0
32,2,0,4,15,True,9,1,https://luhpf.udemy.com/ltfvybrv,0
32,2,0,4,15,True,9,1,https://mxfek.udemy.com/ocfsaouo,0
32,2,0,4,15,True,9,1,https://nycct.udemy.com/dsfmfgpt,0
32,2,0,4,15,True,9,1,https://tjloc.udemy.com/frvirwkz,0
32,2,0,4,15,True,9,1,https://qpbph.udemy.com/bbodmlva,0
32,2,0,4,15,True,9,1,https://xzxkx.udemy.com/gijhabac,0
32,2,0,4,15,True,9,1,https://rrshq.udemy.com/xpxiicgb,0
32,2,0,4,15,True,9,1,https://zrebo.udemy.com/wagzkvsp,0
20,2,0,3,12,True,0,0,https://www.news.com,0
31,2,0,4,14,True,9,1,https://xxkkb.news.com/avptwcfb,0
31,2,0,4,14,True,9,1,https://kxwjw.news.com/ahxrilgs,0
31,2,0,4,14,True,9,1,https://frwte.news.com/ridaegjk,0
31,2,0,4,14,True,9,1,https://taylw.news.com/sbciqcwr,0
31,2,0,4,14,True,9,1,https://ielll.news.com/gbtnbkwy,0
31,2,0,4,14,True,9,1,https://vuvhc.news.com/ikokvcnv,0
31,2,0,4,14,True,9,1,https://evyxr.news.com/aldtqoat,0
31,2,0,4,14,True,9,1,https://ctsdc.news.com/zlnzzgqe,0
31,2,0,4,14,True,9,1,https://dobyi.news.com/pitsjkcb,0
31,2,0,4,14,True,9,1,https://szujc.news.com/apbcxmfq,0
31,2,0,4,14,True,9,1,https://vlyec.news.com/ewbqnzgn,0
31,2,0,4,14,True,9,1,https://yaliz.news.com/vcoictdq,0
31,2,0,4,14,True,9,1,https://uvkwk.news.com/enmmaqql,0
31,2,0,4,14,True,9,1,https://ftevm.news.com/wlrctajk,0
31,2,0,4,14,True,9,1,https://pvjbj.news.com/fkhmlufi,0
31,2,0,4,14,True,9,1,https://quwip.news.com/pnkzqxgy,0
31,2,0,4,14,True,9,1,https://esdgf.news.com/lhpqnbfg,0
31,2,0,4,14,True,9,1,https://klegn.news.com/qqbxxbqj,0
31,2,0,4,14,True,9,1,https://nzrxk.news.com/egbpqoow,0
31,2,0,4,14,True,9,1,https://cpioz.news.com/koltesar,0
31,2,0,4,14,True,9,1,https://yikil.news.com/wncrlgdn,0
31,2,0,4,14,True,9,1,https://qipau.news.com/dgtjlyfb,0
31,2,0,4,14,True,9,1,https://kzdll.news.com/ewrzkhfv,0
31,2,0,4,14,True,9,1,https://vdmkz.news.com/odfbncvy,0
31,2,0,4,14,True,9,1,https://jmpmk.news.com/qagxafze,0
31,2,0,4,14,True,9,1,https://fbhop.news.com/vuzgdakd,0
31,2,0,4,14,True,9,1,https://sgiwu.news.com/qkrijsxq,0
31,2,0,4,14,True,9,1,https://qxjyg.news.com/zfulgvou,0
31,2,0,4,14,True,9,1,https://ztvxx.news.com/nwztkqyp,0
31,2,0,4,14,True,9,1,https://evhgd.news.com/grbmktid,0
31,2,0,4,14,True,9,1,https://ojqfl.news.com/uxewmufu,0
31,2,0,4,14,True,9,1,https://czgkv.news.com/mmeualol,0
31,2,0,4,14,True,9,1,https://fzukv.news.com/fjvozyja,0
31,2,0,4,14,True,9,1,https://yvsnx.news.com/rntadkuy,0
31,2,0,4,14,True,9,1,https://pcpoh.news.com/bjnhgahy,0
31,2,0,4,14,True,9,1,https://vpjnp.news.com/mzedtmgt,0
31,2,0,4,14,True,9,1,https://fyxpn.news.com/dfatskpi,0
31,2,0,4,14,True,9,1,https://lebtu.news.com/uiyhyzdm,0
31,2,0,4,14,True,9,1,https://hzzlj.news.com/eltyixtw,0
31,2,0,4,14,True,9,1,https://bfznu.news.com/bdmpouhq,0
31,2,0,4,14,True,9,1,https://vddle.news.com/jrpeyggi,0
31,2,0,4,14,True,9,1,https://hajae.news.com/cwrzmgvj,0
31,2,0,4,14,True,9,1,https://vtyxs.news.com/iqdejnfx,0
31,2,0,4,14,True,9,1,https://zmrcs.news.com/kvesegze,0
31,2,0,4,14,True,9,1,https://lerph.news.com/mdtmyxwg,0
31,2,0,4,14,True,9,1,https://npjrp.news.com/iefgkfwa,0
31,2,0,4,14,True,9,1,https://pxjth.news.com/dhlwsljc,0
31,2,0,4,14,True,9,1,https://hizhg.news.com/uecaojon,0
31,2,0,4,14,True,9,1,https://imaad.news.com/qmtoazoq,0
31,2,0,4,14,True,9,1,https://tmvdk.news.com/btzplctt,0
23,2,0,3,15,True,0,0,https://www.reuters.com,0
34,2,0,4,17,True,9,1,https://dikkg.reuters.com/yiyokysm,0
34,2,0,4,17,True,9,1,https://zktbj.reuters.com/ppekigmr,0
34,2,0,4,17,True,9,1,https://ufgcp.reuters.com/nlunjusc,0
34,2,0,4,17,True,9,1,https://ijklw.reuters.com/swxyxwyi,0
34,2,0,4,17,True,9,1,https://pwjdl.reuters.com/gashhwwr,0
34,2,0,4,17,True,9,1,https://aecow.reuters.com/pbvjyhzi,0
34,2,0,4,17,True,9,1,https://tkqyb.reuters.com/flrveixm,0
34,2,0,4,17,True,9,1,https://jwamd.reuters.com/sqlihabd,0
34,2,0,4,17,True,9,1,https://umnmu.reuters.com/hnghqltv,0
34,2,0,4,17,True,9,1,https://mervx.reuters.com/ttcvbczw,0
34,2,0,4,17,True,9,1,https://qvctj.reuters.com/tctfhudr,0
34,2,0,4,17,True,9,1,https://oymce.reuters.com/uvyfgpfx,0
34,2,0,4,17,True,9,1,https://kzpdf.reuters.com/lpjuytzv,0
34,2,0,4,17,True,9,1,https://acelg.reuters.com/pepajiwv,0
34,2,0,4,17,True,9,1,https://yecbl.reuters.com/occwxizt,0
34,2,0,4,17,True,9,1,https://sapgv.reuters.com/ubdpahov,0
34,2,0,4,17,True,9,1,https://rbkpg.reuters.com/esokykpr,0
34,2,0,4,17,True,9,1,https://ihiso.reuters.com/eulqoumt,0
34,2,0,4,17,True,9,1,https://qofih.reuters.com/oqiahvbo,0
34,2,0,4,17,True,9,1,https://biohq.reuters.com/wgyglkcz,0
34,2,0,4,17,True,9,1,https://jkjum.reuters.com/anxctxbn,0
34,2,0,4,17,True,9,1,https://ooavz.reuters.com/ojkgyvrs,0
34,2,0,4,17,True,9,1,https://olqul.reuters.com/tsvwvlgr,0
34,2,0,4,17,True,9,1,https://lgand.reuters.com/mlefbagw,0
34,2,0,4,17,True,9,1,https://axute.reuters.com/yglkghqq,0
34,2,0,4,17,True,9,1,https://nlmer.reuters.com/xocjzspu,0
34,2,0,4,17,True,9,1,https://uyefz.reuters.com/hgegmmji,0
34,2,0,4,17,True,9,1,https://rdqdv.reuters.com/nlwueqlp,0
34,2,0,4,17,True,9,1,https://xmxgf.reuters.com/lxrbpykr,0
34,2,0,4,17,True,9,1,https://zsewa.reuters.com/xgjdasaw,0
34,2,0,4,17,True,9,1,https://qrsla.reuters.com/rdmiglwc,0
34,2,0,4,17,True,9,1,https://ungqk.reuters.com/gqixqide,0
34,2,0,4,17,True,9,1,https://hdkfa.reuters.com/vtjwvxih,0
34,2,0,4,17,True,9,1,https://hfxld.reuters.com/keyizpnc,0
34,2,0,4,17,True,9,1,https://plztb.reuters.com/waodcpox,0
34,2,0,4,17,True,9,1,https://cvegs.reuters.com/swcgqopf,0
34,2,0,4,17,True,9,1,https://bpiqo.reuters.com/didnzltg,0
34,2,0,4,17,True,9,1,https://eubdj.reuters.com/emtdeulq,0
34,2,0,4,17,True,9,1,https://gdcbr.reuters.com/zohgosna,0
34,2,0,4,17,True,9,1,https://lfpxc.reuters.com/diqmilyq,0
34,2,0,4,17,True,9,1,https://keuxj.reuters.com/mipiytnw,0
34,2,0,4,17,True,9,1,https://udigp.reuters.com/pismqjgl,0
34,2,0,4,17,True,9,1,https://bmjeq.reuters.com/tecrempx,0
34,2,0,4,17,True,9,1,https://bvmrm.reuters.com/eimktnii,0
34,2,0,4,17,True,9,1,https://nlqiw.reuters.com/yqaqmxgm,0
34,2,0,4,17,True,9,1,https://aymee.reuters.com/nzllpaex,0
34,2,0,4,17,True,9,1,https://jsldd.reuters.com/lhtfndca,0
34,2,0,4,17,True,9,1,https://tndmc.reuters.com/rotanjcl,0
34,2,0,4,17,True,9,1,https://hieal.reuters.com/ogpyvtnd,0
34,2,0,4,17,True,9,1,https://czswv.reuters.com/dadoirzm,0
19,2,0,3,11,True,0,0,https://www.bbc.com,0
30,2,0,4,13,True,9,1,https://kouze.bbc.com/ermrlrgs,0
30,2,0,4,13,True,9,1,https://yqnvj.bbc.com/crpqotcn,0
30,2,0,4,13,True,9,1,https://bsmtg.bbc.com/vddyxfny,0
30,2,0,4,13,True,9,1,https://tpmhx.bbc.com/gbhppnjb,0
30,2,0,4,13,True,9,1,https://xqcwd.bbc.com/nlrgnnyt,0
30,2,0,4,13,True,9,1,https://solzn.bbc.com/swnlaaxe,0
30,2,0,4,13,True,9,1,https://pbcpp.bbc.com/qvngnfhz,0
30,2,0,4,13,True,9,1,https://tgwnk.bbc.com/qttrfpsi,0
30,2,0,4,13,True,9,1,https://bgfps.bbc.com/cpoatbcr,0
30,2,0,4,13,True,9,1,https://ettqu.bbc.com/mqvvswgc,0
30,2,0,4,13,True,9,1,https://lgvyi.bbc.com/zlxeemxe,0
30,2,0,4,13,True,9,1,https://oeffu.bbc.com/tierozli,0
30,2,0,4,13,True,9,1,https://xvxct.bbc.com/erfnzenz,0
30,2,0,4,13,True,9,1,https://twkcd.bbc.com/ksodgwde,0
30,2,0,4,13,True,9,1,https://exnlx.bbc.com/mdpgsxlc,0
30,2,0,4,13,True,9,1,https://zzfiz.bbc.com/ykctrsom,0
30,2,0,4,13,True,9,1,https://vuilb.bbc.com/dihvutdq,0
30,2,0,4,13,True,9,1,https://duzlw.bbc.com/rczpnqaj,0
30,2,0,4,13,True,9,1,https://swecs.bbc.com/csovonng,0
30,2,0,4,13,True,9,1,https://mlqfk.bbc.com/xghqeztk,0
30,2,0,4,13,True,9,1,https://jdptt.bbc.com/xqxljxzc,0
30,2,0,4,13,True,9,1,https://mdeiq.bbc.com/fvblucbc,0
30,2,0,4,13,True,9,1,https://htldq.bbc.com/anssczuk,0
30,2,0,4,13,True,9,1,https://bojog.bbc.com/ufawfiaw,0
30,2,0,4,13,True,9,1,https://tyetl.bbc.com/woupesla,0
30,2,0,4,13,True,9,1,https://kovgt.bbc.com/mlitrxlg,0
30,2,0,4,13,True,9,1,https://zniyt.bbc.com/wbbzltzs,0
30,2,0,4,13,True,9,1,https://jzgzg.bbc.com/kxsekzjf,0
30,2,0,4,13,True,9,1,https://dlyrr.bbc.com/wsuzcsov,0
30,2,0,4,13,True,9,1,https://kvklv.bbc.com/frcyrngz,0
30,2,0,4,13,True,9,1,https://srxnh.bbc.com/rrtsyidv,0
30,2,0,4,13,True,9,1,https://riotp.bbc.com/ujmjdtbi,0
30,2,0,4,13,True,9,1,https://drzxv.bbc.com/wjcccmsa,0
30,2,0,4,13,True,9,1,https://ppyvz.bbc.com/vegbgzbd,0
30,2,0,4,13,True,9,1,https://yspqv.bbc.com/bajyjwhc,0
30,2,0,4,13,True,9,1,https://pdutd.bbc.com/erqjcbgu,0
30,2,0,4,13,True,9,1,https://pnslj.bbc.com/trjweweq,0
30,2,0,4,13,True,9,1,https://smyua.bbc.com/entuzidr,0
30,2,0,4,13,True,9,1,https://bzytq.bbc.com/wufdvrsg,0
30,2,0,4,13,True,9,1,https://fkkyk.bbc.com/wddyliyp,0
30,2,0,4,13,True,9,1,https://pdryq.bbc.com/jbeauyku,0
30,2,0,4,13,True,9,1,https://tolef.bbc.com/zrrfwzcq,0
30,2,0,4,13,True,9,1,https://ywbcu.bbc.com/yjcolnyt,0
30,2,0,4,13,True,9,1,https://ubsvu.bbc.com/wfrpfbbd,0
30,2,0,4,13,True,9,1,https://nbsll.bbc.com/anktqonz,0
30,2,0,4,13,True,9,1,https://gaitk.bbc.com/qumtjlbf,0
30,2,0,4,13,True,9,1,https://rtlrl.bbc.com/dcmbztlj,0
30,2,0,4,13,True,9,1,https://axwpf.bbc.com/jfphmjzg,0
30,2,0,4,13,True,9,1,https://onhyv.bbc.com/scxupcal,0
30,2,0,4,13,True,9,1,https://gnboz.bbc.com/kjazocwa,0
19,2,0,3,11,True,0,0,https://www.cnn.com,0
30,2,0,4,13,True,9,1,https://kzoca.cnn.com/vfvnljtb,0
30,2,0,4,13,True,9,1,https://tutob.cnn.com/piukrzpa,0
30,2,0,4,13,True,9,1,https://etubw.cnn.com/owfoutls,0
30,2,0,4,13,True,9,1,https://oljgc.cnn.com/kexhykzw,0
30,2,0,4,13,True,9,1,https://jvuhk.cnn.com/zchlbhwi,0
30,2,0,4,13,True,9,1,https://worpy.cnn.com/nnzepmjn,0
30,2,0,4,13,True,9,1,https://epqxf.cnn.com/yisoshdp,0
30,2,0,4,13,True,9,1,https://mkisc.cnn.com/phxrotvx,0
30,2,0,4,13,True,9,1,https://wraec.cnn.com/ldhwewlx,0
30,2,0,4,13,True,9,1,https://npewv.cnn.com/gkzokbwl,0
30,2,0,4,13,True,9,1,https://qkhtz.cnn.com/alyjemnm,0
30,2,0,4,13,True,9,1,https://dodht.cnn.com/moeeiqza,0
30,2,0,4,13,True,9,1,https://jfcnq.cnn.com/mcxdkial,0
30,2,0,4,13,True,9,1,https://miobm.cnn.com/klcuwqlp,0
30,2,0,4,13,True,9,1,https://wazwg.cnn.com/cburssvb,0
30,2,0,4,13,True,9,1,https://feslc.cnn.com/koijypgg,0
30,2,0,4,13,True,9,1,https://jiigh.cnn.com/tmsrsxha,0
30,2,0,4,13,True,9,1,https://nqaiw.cnn.com/rqiummoi,0
30,2,0,4,13,True,9,1,https://brdnw.cnn.com/fgjgdhsn,0
30,2,0,4,13,True,9,1,https://sbvjf.cnn.com/unvsbkjj,0
30,2,0,4,13,True,9,1,https://ovbaz.cnn.com/udvosfxc,0
30,2,0,4,13,True,9,1,https://fxgvm.cnn.com/aouicqni,0
30,2,0,4,13,True,9,1,https://eizpo.cnn.com/zkcpnfbe,0
30,2,0,4,13,True,9,1,https://vmwsd.cnn.com/ndaoaezh,0
30,2,0,4,13,True,9,1,https://adpws.cnn.com/heqnraob,0
30,2,0,4,13,True,9,1,https://mmjvp.cnn.com/uadyvoyy,0
30,2,0,4,13,True,9,1,https://tnaaj.cnn.com/kjfhjgwj,0
30,2,0,4,13,True,9,1,https://wvayf.cnn.com/ibbuekfc,0
30,2,0,4,13,True,9,1,https://zdjrc.cnn.com/skottgwt,0
30,2,0,4,13,True,9,1,https://azsdd.cnn.com/hmfnbkoz,0
30,2,0,4,13,True,9,1,https://gmpxc.cnn.com/kvvnzjph,0
30,2,0,4,13,True,9,1,https://ilvvk.cnn.com/nnflyvrh,0
30,2,0,4,13,True,9,1,https://ywatx.cnn.com/hdwldcnz,0
30,2,0,4,13,True,9,1,https://cqcst.cnn.com/bruapzgw,0
30,2,0,4,13,True,9,1,https://rasvf.cnn.com/emgbjucr,0
30,2,0,4,13,True,9,1,https://dzyjn.cnn.com/pbssjzud,0
30,2,0,4,13,True,9,1,https://zgbfl.cnn.com/uhyikskn,0
30,2,0,4,13,True,9,1,https://zgbbn.cnn.com/iuhydqsc,0
30,2,0,4,13,True,9,1,https://qyfbl.cnn.com/ysxsjhwp,0
30,2,0,4,13,True,9,1,https://zbipe.cnn.com/bdiqqwzl,0
30,2,0,4,13,True,9,1,https://dwurc.cnn.com/kcirydem,0
30,2,0,4,13,True,9,1,https://ncbny.cnn.com/ddtucweo,0
30,2,0,4,13,True,9,1,https://gojyr.cnn.com/htouivdj,0
30,2,0,4,13,True,9,1,https://ssikp.cnn.com/arwtyryu,0
30,2,0,4,13,True,9,1,https://uyxju.cnn.com/thsjiquo,0
30,2,0,4,13,True,9,1,https://ldmpj.cnn.com/hbeuhxaq,0
30,2,0,4,13,True,9,1,https://lbjae.cnn.com/yhxvaesn,0
30,2,0,4,13,True,9,1,https://fbwfp.cnn.com/zyzgbtkt,0
30,2,0,4,13,True,9,1,https://sxxjt.cnn.com/hixsltvi,0
30,2,0,4,13,True,9,1,https://mciyo.cnn.com/hcrkkbxm,0
22,2,0,3,14,True,0,0,https://www.casino.com,1
33,2,0,4,16,True,9,1,https://nauat.casino.com/ugpggmoj,1
33,2,0,4,16,True,9,1,https://howft.casino.com/xgmdsdag,1
33,2,0,4,16,True,9,1,https://mjtyc.casino.com/wvfxxwip,1
33,2,0,4,16,True,9,1,https://juxga.casino.com/prpsutpf,1
33,2,0,4,16,True,9,1,https://ssxco.casino.com/epkctcvk,1
33,2,0,4,16,True,9,1,https://qttic.casino.com/moppztvr,1
33,2,0,4,16,True,9,1,https://bcokp.casino.com/shrbmedx,1
33,2,0,4,16,True,9,1,https://mwwrn.casino.com/djhkxofj,1
33,2,0,4,16,True,9,1,https://vfhut.casino.com/nixalzty,1
33,2,0,4,16,True,9,1,https://gypxd.casino.com/bmxvpuqg,1
33,2,0,4,16,True,9,1,https://vdqjk.casino.com/ekeazkgk,1
33,2,0,4,16,True,9,1,https://wsekp.casino.com/ntlztdet,1
33,2,0,4,16,True,9,1,https://hmppn.casino.com/bvnfpxzz,1
33,2,0,4,16,True,9,1,https://mazzf.casino.com/tyqazghy,1
33,2,0,4,16,True,9,1,https://jhoti.casino.com/spivggru,1
33,2,0,4,16,True,9,1,https://nkhbp.casino.com/vakvjeah,1
33,2,0,4,16,True,9,1,https://ewmvv.casino.com/tlvisxiq,1
33,2,0,4,16,True,9,1,https://qlnfg.casino.com/wnunflvl,1
33,2,0,4,16,True,9,1,https://wgxit.casino.com/gqpuktqj,1
33,2,0,4,16,True,9,1,https://mhcdj.casino.com/zzoonfyb,1
33,2,0,4,16,True,9,1,https://ntdtz.casino.com/dlutpxpv,1
33,2,0,4,16,True,9,1,https://pfbnt.casino.com/wdzeopsr,1
33,2,0,4,16,True,9,1,https://qtsno.casino.com/khkwhvau,1
33,2,0,4,16,True,9,1,https://hzrwm.casino.com/ylhfhdnh,1
33,2,0,4,16,True,9,1,https://pewxw.casino.com/pqmurhku,1
33,2,0,4,16,True,9,1,https://uvszp.casino.com/fzpjjfcd,1
33,2,0,4,16,True,9,1,https://rzdhz.casino.com/frenifib,1
33,2,0,4,16,True,9,1,https://frqbr.casino.com/gzjqjdry,1
33,2,0,4,16,True,9,1,https://jqkmd.casino.com/epqxoxbe,1
33,2,0,4,16,True,9,1,https://qouge.casino.com/umudkcuf,1
33,2,0,4,16,True,9,1,https://enhej.casino.com/rsayasqi,1
33,2,0,4,16,True,9,1,https://dwcka.casino.com/ibwkaxbt,1
33,2,0,4,16,True,9,1,https://qlxfq.casino.com/zmhpasvf,1
33,2,0,4,16,True,9,1,https://jsdga.casino.com/bdxykrts,1
33,2,0,4,16,True,9,1,https://ojocv.casino.com/wuqhqbzx,1
33,2,0,4,16,True,9,1,https://sogxm.casino.com/gcgicvka,1
33,2,0,4,16,True,9,1,https://weyiq.casino.com/ewlqtheo,1
33,2,0,4,16,True,9,1,https://tjubz.casino.com/srmegcww,1
33,2,0,4,16,True,9,1,https://jpfxf.casino.com/xszvncni,1
33,2,0,4,16,True,9,1,https://pmpua.casino.com/zskjgytj,1
33,2,0,4,16,True,9,1,https://cpeds.casino.com/orizndga,1
33,2,0,4,16,True,9,1,https://rzssx.casino.com/qfsmdrtd,1
33,2,0,4,16,True,9,1,https://jenwq.casino.com/uhzkzxes,1
33,2,0,4,16,True,9,1,https://velma.casino.com/aczxcgzt,1
33,2,0,4,16,True,9,1,https://cjfsh.casino.com/ivzyqjsz,1
33,2,0,4,16,True,9,1,https://gssdd.casino.com/qgjnquwq,1
33,2,0,4,16,True,9,1,https://rjqgl.casino.com/xhbuivbw,1
33,2,0,4,16,True,9,1,https://ohglt.casino.com/bllpyprh,1
33,2,0,4,16,True,9,1,https://uyosd.casino.com/qvnogyfq,1
33,2,0,4,16,True,9,1,https://rdmdq.casino.com/petvlxod,1
23,2,0,3,15,True,0,0,https://www.betting.com,1
34,2,0,4,17,True,9,1,https://gkevu.betting.com/dvwrgyir,1
34,2,0,4,17,True,9,1,https://khrdr.betting.com/yzsxlclf,1
34,2,0,4,17,True,9,1,https://yllpt.betting.com/rdynjpzv,1
34,2,0,4,17,True,9,1,https://rsbpl.betting.com/pyeswnya,1
34,2,0,4,17,True,9,1,https://arxew.betting.com/chwxkzed,1
34,2,0,4,17,True,9,1,https://xsuem.betting.com/jmmlawam,1
34,2,0,4,17,True,9,1,https://xptkn.betting.com/htuluevf,1
34,2,0,4,17,True,9,1,https://grhzm.betting.com/kjohvezq,1
34,2,0,4,17,True,9,1,https://uekns.betting.com/waiihwzt,1
34,2,0,4,17,True,9,1,https://eytfk.betting.com/qmvdmolz,1
34,2,0,4,17,True,9,1,https://gytpi.betting.com/zepfdpub,1
34,2,0,4,17,True,9,1,https://fkesu.betting.com/lqqhhcck,1
34,2,0,4,17,True,9,1,https://vlxzc.betting.com/zgwoasfc,1
34,2,0,4,17,True,9,1,https://gjgrk.betting.com/hrbbwtwj,1
34,2,0,4,17,True,9,1,https://wbjfp.betting.com/scstwttb,1
34,2,0,4,17,True,9,1,https://bbuof.betting.com/msclsrrm,1
34,2,0,4,17,True,9,1,https://jwueo.betting.com/jdpazpnm,1
34,2,0,4,17,True,9,1,https://plrye.betting.com/hkwvtwzg,1
34,2,0,4,17,True,9,1,https://aguxt.betting.com/uctfukrh,1
34,2,0,4,17,True,9,1,https://vrjif.betting.com/yqnjxvom,1
34,2,0,4,17,True,9,1,https://rbnzi.betting.com/qbkpxsqe,1
34,2,0,4,17,True,9,1,https://jwhve.betting.com/wpiehkju,1
34,2,0,4,17,True,9,1,https://yggkw.betting.com/rtjgqvmw,1
34,2,0,4,17,True,9,1,https://rwjen.betting.com/bpflnvpr,1
34,2,0,4,17,True,9,1,https://sybrt.betting.com/pfxidgkx,1
34,2,0,4,17,True,9,1,https://tgbgf.betting.com/ossskpmf,1
34,2,0,4,17,True,9,1,https://iwzdu.betting.com/whubqtkv,1
34,2,0,4,17,True,9,1,https://qxfyn.betting.com/nhqkjvex,1
34,2,0,4,17,True,9,1,https://vkbmk.betting.com/oepvkyvr,1
34,2,0,4,17,True,9,1,https://bnjfe.betting.com/mivwvuje,1
34,2,0,4,17,True,9,1,https://pwatw.betting.com/vdswcmwz,1
34,2,0,4,17,True,9,1,https://flndz.betting.com/jnlxadaa,1
34,2,0,4,17,True,9,1,https://jdnrm.betting.com/xbqetlhv,1
34,2,0,4,17,True,9,1,https://vtfbx.betting.com/actxoiuv,1
34,2,0,4,17,True,9,1,https://yzqiz.betting.com/edpadbmx,1
34,2,0,4,17,True,9,1,https://cfvfc.betting.com/swnwpkgx,1
34,2,0,4,17,True,9,1,https://ebipb.betting.com/tiqfpenu,1
34,2,0,4,17,True,9,1,https://raxlq.betting.com/odgoyjij,1
34,2,0,4,17,True,9,1,https://sfxha.betting.com/masyseug,1
34,2,0,4,17,True,9,1,https://nwlzj.betting.com/hvedfgft,1
34,2,0,4,17,True,9,1,https://zvlal.betting.com/mdfecclp,1
34,2,0,4,17,True,9,1,https://nxiur.betting.com/bjvnjkek,1
34,2,0,4,17,True,9,1,https://gnanx.betting.com/vmprbsye,1
34,2,0,4,17,True,9,1,https://eyfyc.betting.com/mkvxwrxv,1
34,2,0,4,17,True,9,1,https://sgaul.betting.com/hjfytfei,1
34,2,0,4,17,True,9,1,https://rexur.betting.com/agdrzxhd,1
34,2,0,4,17,True,9,1,https://kkwpq.betting.com/zqpardbu,1
34,2,0,4,17,True,9,1,https://nunyk.betting.com/iwsuoqfs,1
34,2,0,4,17,True,9,1,https://megaj.betting.com/xbqgpbvk,1
34,2,0,4,17,True,9,1,https://qiwcd.betting.com/fgttachb,1
21,2,0,3,13,True,0,0,https://www.poker.com,1
32,2,0,4,15,True,9,1,https://vdzwt.poker.com/qqtmecex,1
32,2,0,4,15,True,9,1,https://iemqg.poker.com/hbzrvklw,1
32,2,0,4,15,True,9,1,https://bvbhi.poker.com/acemvsta,1
32,2,0,4,15,True,9,1,https://sigsk.poker.com/ylemkpdi,1
32,2,0,4,15,True,9,1,https://ooabr.poker.com/aoevfzns,1
32,2,0,4,15,True,9,1,https://ojaqz.poker.com/rxgrwljz,1
32,2,0,4,15,True,9,1,https://dtgnl.poker.com/quuytevo,1
32,2,0,4,15,True,9,1,https://ocxpp.poker.com/snlmpkkj,1
32,2,0,4,15,True,9,1,https://kagjq.poker.com/ostvlagn,1
32,2,0,4,15,True,9,1,https://zkeqi.poker.com/vhaqaiss,1
32,2,0,4,15,True,9,1,https://ttofj.poker.com/ruelpfhy,1
32,2,0,4,15,True,9,1,https://mvkdx.poker.com/rmqjcezz,1
32,2,0,4,15,True,9,1,https://dtblm.poker.com/kywugdnh,1
32,2,0,4,15,True,9,1,https://wxmbr.poker.com/wwomgyjq,1
32,2,0,4,15,True,9,1,https://huvqx.poker.com/posdiejy,1
32,2,0,4,15,True,9,1,https://vlopk.poker.com/mcwcznhz,1
32,2,0,4,15,True,9,1,https://fpwxk.poker.com/tdjjdokr,1
32,2,0,4,15,True,9,1,https://hkxzs.poker.com/yxaizbga,1
32,2,0,4,15,True,9,1,https://ogsej.poker.com/mdudruok,1
32,2,0,4,15,True,9,1,https://pdqin.poker.com/ngguinnh,1
32,2,0,4,15,True,9,1,https://yprmp.poker.com/oafiikcr,1
32,2,0,4,15,True,9,1,https://yykva.poker.com/wlffyzmx,1
32,2,0,4,15,True,9,1,https://mfqbo.poker.com/ylydyede,1
32,2,0,4,15,True,9,1,https://iqocr.poker.com/kjtnjgfl,1
32,2,0,4,15,True,9,1,https://zkkmv.poker.com/wpypowbf,1
32,2,0,4,15,True,9,1,https://ciljt.poker.com/ijrjguzj,1
32,2,0,4,15,True,9,1,https://dsugy.poker.com/owjatxvl,1
32,2,0,4,15,True,9,1,https://kwcen.poker.com/imkowjva,1
32,2,0,4,15,True,9,1,https://mmgue.poker.com/ecpdtbaf,1
32,2,0,4,15,True,9,1,https://yazbs.poker.com/qwljagku,1
32,2,0,4,15,True,9,1,https://hwigo.poker.com/xpuaosop,1
32,2,0,4,15,True,9,1,https://lwtyt.poker.com/einfrtgh,1
32,2,0,4,15,True,9,1,https://vwcyv.poker.com/ebiuxeop,1
32,2,0,4,15,True,9,1,https://kczsw.poker.com/cwgekwsu,1
32,2,0,4,15,True,9,1,https://uodcm.poker.com/lwzwhhku,1
32,2,0,4,15,True,9,1,https://iumrn.poker.com/odvtttlv,1
32,2,0,4,15,True,9,1,https://tncbq.poker.com/ffcmuzix,1
32,2,0,4,15,True,9,1,https://webyw.poker.com/pbnigzep,1
32,2,0,4,15,True,9,1,https://nhlgk.poker.com/ohnhpepn,1
32,2,0,4,15,True,9,1,https://vyhkg.poker.com/acvaqmgq,1
32,2,0,4,15,True,9,1,https://quuzb.poker.com/ghvjirkk,1
32,2,0,4,15,True,9,1,https://qsxeb.poker.com/mffekxqs,1
32,2,0,4,15,True,9,1,https://uvjkg.poker.com/ywmtglht,1
32,2,0,4,15,True,9,1,https://uijzj.poker.com/mxjdqqao,1
32,2,0,4,15,True,9,1,https://htctv.poker.com/xxstkfqf,1
32,2,0,4,15,True,9,1,https://bffll.poker.com/kguqgktn,1
32,2,0,4,15,True,9,1,https://gwwrx.poker.com/wqzrkhnv,1
32,2,0,4,15,True,9,1,https://kswgm.poker.com/kekrjgmi,1
32,2,0,4,15,True,9,1,https://ueznm.poker.com/gunshzgm,1
32,2,0,4,15,True,9,1,https://kxqio.poker.com/fgrngczm,1
21,2,0,3,13,True,0,0,https://www.slots.com,1
32,2,0,4,15,True,9,1,https://tvlnn.slots.com/zocjamos,1
32,2,0,4,15,True,9,1,https://wvnhc.slots.com/ypzfdjzl,1
32,2,0,4,15,True,9,1,https://erzqs.slots.com/vpkxwxzm,1
32,2,0,4,15,True,9,1,https://zandh.slots.com/vqociuon,1
32,2,0,4,15,True,9,1,https://svrbb.slots.com/izlohaov,1
32,2,0,4,15,True,9,1,https://xiqlg.slots.com/ofrciryh,1
32,2,0,4,15,True,9,1,https://xjzsd.slots.com/alcaypst,1
32,2,0,4,15,True,9,1,https://dibcm.slots.com/zmpnmwlu,1
32,2,0,4,15,True,9,1,https://gapvb.slots.com/okmxagbh,1
32,2,0,4,15,True,9,1,https://jpqpx.slots.com/fwnibajr,1
32,2,0,4,15,True,9,1,https://zttnt.slots.com/btpdqdjx,1
32,2,0,4,15,True,9,1,https://bjuva.slots.com/hyjdbngd,1
32,2,0,4,15,True,9,1,https://eolsm.slots.com/lcslsgyc,1
32,2,0,4,15,True,9,1,https://ahhet.slots.com/szycuhph,1
32,2,0,4,15,True,9,1,https://bcmzh.slots.com/svvsspwg,1
32,2,0,4,15,True,9,1,https://qshei.slots.com/ywlkqhos,1
32,2,0,4,15,True,9,1,https://zckwt.slots.com/fpnjlbss,1
32,2,0,4,15,True,9,1,https://rrvyc.slots.com/lmpgownh,1
32,2,0,4,15,True,9,1,https://iauwl.slots.com/oymmaklt,1
32,2,0,4,15,True,9,1,https://qdzvl.slots.com/guernwlx,1
32,2,0,4,15,True,9,1,https://rkgqo.slots.com/lbwfctwp,1
32,2,0,4,15,True,9,1,https://dfwqz.slots.com/eqxuxuys,1
32,2,0,4,15,True,9,1,https://afcje.slots.com/iaqdlqci,1
32,2,0,4,15,True,9,1,https://vqght.slots.com/ywfbxyqe,1
32,2,0,4,15,True,9,1,https://atuyz.slots.com/aeljuzkq,1
32,2,0,4,15,True,9,1,https://aesgj.slots.com/lwlswkei,1
32,2,0,4,15,True,9,1,https://faovl.slots.com/utxizkmv,1
32,2,0,4,15,True,9,1,https://jskxb.slots.com/dnbubzux,1
32,2,0,4,15,True,9,1,https://fwfna.slots.com/tuexcwxs,1
32,2,0,4,15,True,9,1,https://kmsfz.slots.com/xycbrjnb,1
32,2,0,4,15,True,9,1,https://lqxtw.slots.com/zikwqcfw,1
32,2,0,4,15,True,9,1,https://qkfzq.slots.com/rcwnlujb,1
32,2,0,4,15,True,9,1,https://eccbc.slots.com/yvorbxcb,1
32,2,0,4,15,True,9,1,https://azcip.slots.com/sataxzit,1
32,2,0,4,15,True,9,1,https://jhvbs.slots.com/wtnadpzq,1
32,2,0,4,15,True,9,1,https://skler.slots.com/mektjzco,1
32,2,0,4,15,True,9,1,https://aazgm.slots.com/xdvpfymt,1
32,2,0,4,15,True,9,1,https://ysyno.slots.com/acrqacwe,1
32,2,0,4,15,True,9,1,https://xbyds.slots.com/uxziwjws,1
32,2,0,4,15,True,9,1,https://indyx.slots.com/qedvsvlu,1
32,2,0,4,15,True,9,1,https://nixar.slots.com/uvesekbr,1
32,2,0,4,15,True,9,1,https://avgbc.slots.com/fbyjjrux,1
32,2,0,4,15,True,9,1,https://asijv.slots.com/iwuzhzpq,1
32,2,0,4,15,True,9,1,https://nigek.slots.com/vjprbtks,1
32,2,0,4,15,True,9,1,https://xpwub.slots.com/votrubeg,1
32,2,0,4,15,True,9,1,https://terdg.slots.com/xjylzhzz,1
32,2,0,4,15,True,9,1,https://zmchp.slots.com/ewyuvjuz,1
32,2,0,4,15,True,9,1,https://ulqdh.slots.com/qbxdhcth,1
32,2,0,4,15,True,9,1,https://vmcjw.slots.com/lriasoca,1
32,2,0,4,15,True,9,1,https://kqtfe.slots.com/xpkisqul,1
25,2,3,3,17,True,0,0,https://www.dating123.com,1
36,2,3,4,19,True,9,1,https://vwgcd.dating123.com/mpfzsymv,1
36,2,3,4,19,True,9,1,https://dcyoh.dating123.com/pzefivlx,1
36,2,3,4,19,True,9,1,https://lunwc.dating123.com/uoohbaui,1
36,2,3,4,19,True,9,1,https://zmnen.dating123.com/rqvzsnwk,1
36,2,3,4,19,True,9,1,https://xuexc.dating123.com/xiaoglov,1
36,2,3,4,19,True,9,1,https://mxuxw.dating123.com/dntoancd,1
36,2,3,4,19,True,9,1,https://baksr.dating123.com/vodrwhlm,1
36,2,3,4,19,True,9,1,https://osiqr.dating123.com/syxtgina,1
36,2,3,4,19,True,9,1,https://aefoz.dating123.com/nkrzfhkz,1
36,2,3,4,19,True,9,1,https://ahcoc.dating123.com/autzbzbi,1
36,2,3,4,19,True,9,1,https://rgbev.dating123.com/uemizkpq,1
36,2,3,4,19,True,9,1,https://uagfe.dating123.com/rokgixdp,1
36,2,3,4,19,True,9,1,https://nxxti.dating123.com/elktashq,1
36,2,3,4,19,True,9,1,https://vvdak.dating123.com/figtkjvw,1
36,2,3,4,19,True,9,1,https://iadpe.dating123.com/jumgcciq,1
36,2,3,4,19,True,9,1,https://lvmkl.dating123.com/fkceedft,1
36,2,3,4,19,True,9,1,https://qydyc.dating123.com/hylflizh,1
36,2,3,4,19,True,9,1,https://oounb.dating123.com/weebdlqt,1
36,2,3,4,19,True,9,1,https://ulhuj.dating123.com/oaozmbzw,1
36,2,3,4,19,True,9,1,https://boykm.dating123.com/ucsjvhpb,1
36,2,3,4,19,True,9,1,https://hgbug.dating123.com/xffoecpj,1
36,2,3,4,19,True,9,1,https://lpzpu.dating123.com/flppnjiu,1
36,2,3,4,19,True,9,1,https://czqbt.dating123.com/uqxirnro,1
36,2,3,4,19,True,9,1,https://zeuab.dating123.com/vulsbcrc,1
36,2,3,4,19,True,9,1,https://jvnwm.dating123.com/rpecqtja,1
36,2,3,4,19,True,9,1,https://yuagd.dating123.com/oirwdfpr,1
36,2,3,4,19,True,9,1,https://qknyv.dating123.com/btlusxdf,1
36,2,3,4,19,True,9,1,https://ihlya.dating123.com/mmewufbi,1
36,2,3,4,19,True,9,1,https://bmvdj.dating123.com/sjrjbpbw,1
36,2,3,4,19,True,9,1,https://fiaas.dating123.com/ohgojvmk,1
36,2,3,4,19,True,9,1,https://gvior.dating123.com/dvtnnjcc,1
36,2,3,4,19,True,9,1,https://ooauf.dating123.com/ulllrovq,1
36,2,3,4,19,True,9,1,https://klcyf.dating123.com/wcuwmapf,1
36,2,3,4,19,True,9,1,https://atubu.dating123.com/dsebeazo,1
36,2,3,4,19,True,9,1,https://dvncf.dating123.com/nxtnwnik,1
36,2,3,4,19,True,9,1,https://mgjnw.dating123.com/pbfdaumk,1
36,2,3,4,19,True,9,1,https://uiism.dating123.com/czrhjemp,1
36,2,3,4,19,True,9,1,https://zalbf.dating123.com/cmwnbyyp,1
36,2,3,4,19,True,9,1,https://potsm.dating123.com/avdhxdfm,1
36,2,3,4,19,True,9,1,https://ggpaz.dating123.com/ynxokwcl,1
36,2,3,4,19,True,9,1,https://svcxy.dating123.com/ykjvdzwk,1
36,2,3,4,19,True,9,1,https://khxcn.dating123.com/ccktdubz,1
36,2,3,4,19,True,9,1,https://pojge.dating123.com/kondheqd,1
36,2,3,4,19,True,9,1,https://qbwqs.dating123.com/krmbcjrn,1
36,2,3,4,19,True,9,1,https://uxozz.dating123.com/ynfcjkma,1
36,2,3,4,19,True,9,1,https://fdotf.dating123.com/flfxucah,1
36,2,3,4,19,True,9,1,https://hsnja.dating123.com/egkhuhxo,1
36,2,3,4,19,True,9,1,https://pnkad.dating123.com/uztootnl,1
36,2,3,4,19,True,9,1,https://gjtmv.dating123.com/dmyvtfcx,1
36,2,3,4,19,True,9,1,https://atatr.dating123.com/qhpjoqat,1
22,2,2,3,14,True,0,0,https://www.18plus.com,1
33,2,2,4,16,True,9,1,https://wjlxd.18plus.com/yqcnfaue,1
33,2,2,4,16,True,9,1,https://dxymo.18plus.com/mjniumdx,1
33,2,2,4,16,True,9,1,https://lkvfp.18plus.com/vhdqrztd,1
33,2,2,4,16,True,9,1,https://ovrda.18plus.com/mxujrvgo,1
33,2,2,4,16,True,9,1,https://rqiub.18plus.com/imvxpqya,1
33,2,2,4,16,True,9,1,https://migzb.18plus.com/dysvmdnr,1
33,2,2,4,16,True,9,1,https://fmdnn.18plus.com/halokqnr,1
33,2,2,4,16,True,9,1,https://pmxwr.18plus.com/nryevdtf,1
33,2,2,4,16,True,9,1,https://esyhi.18plus.com/wzukenqx,1
33,2,2,4,16,True,9,1,https://hbbln.18plus.com/xqkotfxc,1
33,2,2,4,16,True,9,1,https://mrxkn.18plus.com/rvbfhynd,1
33,2,2,4,16,True,9,1,https://hcoxd.18plus.com/qkykgahb,1
33,2,2,4,16,True,9,1,https://ewhbr.18plus.com/nsvigbhd,1
33,2,2,4,16,True,9,1,https://poleo.18plus.com/rdhudviw,1
33,2,2,4,16,True,9,1,https://jylec.18plus.com/ifvbrelb,1
33,2,2,4,16,True,9,1,https://evckz.18plus.com/qmgbnash,1
33,2,2,4,16,True,9,1,https://lltxd.18plus.com/iznsoffs,1
33,2,2,4,16,True,9,1,https://vmjob.18plus.com/gzoscgji,1
33,2,2,4,16,True,9,1,https://zelwl.18plus.com/ymgtqxzd,1
33,2,2,4,16,True,9,1,https://lejtd.18plus.com/ekgviroh,1
33,2,2,4,16,True,9,1,https://whqev.18plus.com/rxwpmeln,1
33,2,2,4,16,True,9,1,https://jytda.18plus.com/ijgcpndf,1
33,2,2,4,16,True,9,1,https://vbteh.18plus.com/ccpftrcs,1
33,2,2,4,16,True,9,1,https://qldxk.18plus.com/hvhwawyd,1
33,2,2,4,16,True,9,1,https://hbjaf.18plus.com/uupjiweu,1
33,2,2,4,16,True,9,1,https://ndjpu.18plus.com/qdsepulx,1
33,2,2,4,16,True,9,1,https://wbood.18plus.com/fhbdlzto,1
33,2,2,4,16,True,9,1,https://pwdoh.18plus.com/qvcaikyc,1
33,2,2,4,16,True,9,1,https://omofn.18plus.com/puownelr,1
33,2,2,4,16,True,9,1,https://wmolw.18plus.com/zxekgwqz,1
33,2,2,4,16,True,9,1,https://yezfk.18plus.com/arvdutcu,1
33,2,2,4,16,True,9,1,https://xslpt.18plus.com/irtsfopc,1
33,2,2,4,16,True,9,1,https://ssrqh.18plus.com/jmeqyzhx,1
33,2,2,4,16,True,9,1,https://ithyp.18plus.com/hgcufcyj,1
33,2,2,4,16,True,9,1,https://rycmg.18plus.com/aqfsgrew,1
33,2,2,4,16,True,9,1,https://diawn.18plus.com/nhkllxsl,1
33,2,2,4,16,True,9,1,https://djdil.18plus.com/fqzsxzsq,1
33,2,2,4,16,True,9,1,https://qgapc.18plus.com/uidjuhsg,1
33,2,2,4,16,True,9,1,https://cetyr.18plus.com/lxgzhawz,1
33,2,2,4,16,True,9,1,https://qoudr.18plus.com/kgczujgp,1
33,2,2,4,16,True,9,1,https://hoafg.18plus.com/aevdkhsp,1
33,2,2,4,16,True,9,1,https://vtdik.18plus.com/iaiuorxz,1
33,2,2,4,16,True,9,1,https://rlnir.18plus.com/vncyselz,1
33,2,2,4,16,True,9,1,https://ibube.18plus.com/jmwzyrgw,1
33,2,2,4,16,True,9,1,https://oydqu.18plus.com/tsjbtpyu,1
33,2,2,4,16,True,9,1,https://hmftb.18plus.com/kmxbkjlb,1
33,2,2,4,16,True,9,1,https://nbvax.18plus.com/rlxjpstw,1
33,2,2,4,16,True,9,1,https://jwokp.18plus.com/fxlhxlat,1
33,2,2,4,16,True,9,1,https://njlsw.18plus.com/tmehshxh,1
33,2,2,4,16,True,9,1,https://wdain.18plus.com/ylnesrxf,1
28,2,0,3,20,True,0,0,https://www.adultcontent.com,1
39,2,0,4,22,True,9,1,https://jgtzi.adultcontent.com/fyyjwthr,1
39,2,0,4,22,True,9,1,https://tssag.adultcontent.com/getkdgps,1
39,2,0,4,22,True,9,1,https://vnxko.adultcontent.com/klxzgccr,1
39,2,0,4,22,True,9,1,https://ydldy.adultcontent.com/ttaocrna,1
39,2,0,4,22,True,9,1,https://jhiyq.adultcontent.com/lhdwspdt,1
39,2,0,4,22,True,9,1,https://yougq.adultcontent.com/ttftjejm,1
39,2,0,4,22,True,9,1,https://siqjq.adultcontent.com/xrbdkiqs,1
39,2,0,4,22,True,9,1,https://xflan.adultcontent.com/kwckhpbw,1
39,2,0,4,22,True,9,1,https://tsqcu.adultcontent.com/zasmkjch,1
39,2,0,4,22,True,9,1,https://iuoqc.adultcontent.com/riqkitxb,1
39,2,0,4,22,True,9,1,https://rfkze.adultcontent.com/xdckgxwk,1
39,2,0,4,22,True,9,1,https://fhqmw.adultcontent.com/aewyodwj,1
39,2,0,4,22,True,9,1,https://sihpw.adultcontent.com/mnxdctmx,1
39,2,0,4,22,True,9,1,https://auisl.adultcontent.com/jpmthjua,1
39,2,0,4,22,True,9,1,https://bembt.adultcontent.com/reatjkeq,1
39,2,0,4,22,True,9,1,https://mleat.adultcontent.com/allavlhv,1
39,2,0,4,22,True,9,1,https://eaqsa.adultcontent.com/qvyhfyxx,1
39,2,0,4,22,True,9,1,https://mmqzz.adultcontent.com/myfnlpgr,1
39,2,0,4,22,True,9,1,https://cjvwh.adultcontent.com/bomrgycd,1
39,2,0,4,22,True,9,1,https://uwgwq.adultcontent.com/apmjleoo,1
39,2,0,4,22,True,9,1,https://uvfje.adultcontent.com/ksmeiyzm,1
39,2,0,4,22,True,9,1,https://oydzq.adultcontent.com/wumeltzc,1
39,2,0,4,22,True,9,1,https://brfid.adultcontent.com/jikdedwr,1
39,2,0,4,22,True,9,1,https://qnhba.adultcontent.com/zssoidab,1
39,2,0,4,22,True,9,1,https://qsndm.adultcontent.com/tejuvmsk,1
39,2,0,4,22,True,9,1,https://hnygj.adultcontent.com/unuqfspw,1
39,2,0,4,22,True,9,1,https://ojjmy.adultcontent.com/dkqjpibz,1
39,2,0,4,22,True,9,1,https://xszve.adultcontent.com/tirxdhqu,1
39,2,0,4,22,True,9,1,https://fcmkg.adultcontent.com/zxvwqpvn,1
39,2,0,4,22,True,9,1,https://pefpt.adultcontent.com/xfwcnymh,1
39,2,0,4,22,True,9,1,https://jzydp.adultcontent.com/aueuhmxg,1
39,2,0,4,22,True,9,1,https://qblkz.adultcontent.com/otfjzhzp,1
39,2,0,4,22,True,9,1,https://yzkpm.adultcontent.com/sodfcgru,1
39,2,0,4,22,True,9,1,https://gtylr.adultcontent.com/ntwpqwdk,1
39,2,0,4,22,True,9,1,https://mnyci.adultcontent.com/broycckx,1
39,2,0,4,22,True,9,1,https://kghpr.adultcontent.com/uidhvsug,1
39,2,0,4,22,True,9,1,https://bezbm.adultcontent.com/roktbmrv,1
39,2,0,4,22,True,9,1,https://brzhq.adultcontent.com/ocabyoch,1
39,2,0,4,22,True,9,1,https://gevdl.adultcontent.com/gqojoifb,1
39,2,0,4,22,True,9,1,https://cfbcu.adultcontent.com/pbpsqffe,1
39,2,0,4,22,True,9,1,https://kgazw.adultcontent.com/vyquipyl,1
39,2,0,4,22,True,9,1,https://yazwq.adultcontent.com/aejtsufm,1
39,2,0,4,22,True,9,1,https://mpkyz.adultcontent.com/lymdhjqv,1
39,2,0,4,22,True,9,1,https://xvgyw.adultcontent.com/lkvdlnuq,1
39,2,0,4,22,True,9,1,https://mfcgt.adultcontent.com/ahqhconh,1
39,2,0,4,22,True,9,1,https://bpayj.adultcontent.com/dwtvumus,1
39,2,0,4,22,True,9,1,https://mycig.adultcontent.com/walefdab,1
39,2,0,4,22,True,9,1,https://nmgox.adultcontent.com/sawxoffm,1
39,2,0,4,22,True,9,1,https://ujhzs.adultcontent.com/tjsyvbki,1
39,2,0,4,22,True,9,1,https://tgqio.adultcontent.com/xdfxcdpp,1
24,2,0,4,16,True,0,0,https://www.xxx-site.com,1
35,2,0,5,18,True,9,1,https://smfim.xxx-site.com/xvchbwll,1
35,2,0,5,18,True,9,1,https://yjckq.xxx-site.com/wmddqnet,1
35,2,0,5,18,True,9,1,https://lgrgn.xxx-site.com/rfgiypsn,1
35,2,0,5,18,True,9,1,https://avidf.xxx-site.com/sqdhksrk,1
35,2,0,5,18,True,9,1,https://zjewb.xxx-site.com/bkzybrgi,1
35,2,0,5,18,True,9,1,https://pmupd.xxx-site.com/oleabibj,1
35,2,0,5,18,True,9,1,https://ofuii.xxx-site.com/lubyptuf,1
35,2,0,5,18,True,9,1,https://ubcuu.xxx-site.com/qzxqntqe,1
35,2,0,5,18,True,9,1,https://enfuw.xxx-site.com/uegsazks,1
35,2,0,5,18,True,9,1,https://yddsl.xxx-site.com/xlcipypc,1
35,2,0,5,18,True,9,1,https://ilspm.xxx-site.com/aglickue,1
35,2,0,5,18,True,9,1,https://bxypp.xxx-site.com/nzqclavo,1
35,2,0,5,18,True,9,1,https://sunbl.xxx-site.com/rjoiqtho,1
35,2,0,5,18,True,9,1,https://sjpco.xxx-site.com/myqbtprg,1
35,2,0,5,18,True,9,1,https://bbesk.xxx-site.com/panyfmxq,1
35,2,0,5,18,True,9,1,https://gmmac.xxx-site.com/wftcoepb,1
35,2,0,5,18,True,9,1,https://pvshz.xxx-site.com/izezzwqu,1
35,2,0,5,18,True,9,1,https://ntpsa.xxx-site.com/ypqyhwvg,1
35,2,0,5,18,True,9,1,https://oqowg.xxx-site.com/lbdhgfwd,1
35,2,0,5,18,True,9,1,https://zennd.xxx-site.com/ovwcnotz,1
35,2,0,5,18,True,9,1,https://hyfms.xxx-site.com/bnfwqdlr,1
35,2,0,5,18,True,9,1,https://ypiae.xxx-site.com/knokrhlt,1
35,2,0,5,18,True,9,1,https://neups.xxx-site.com/rdqjszop,1
35,2,0,5,18,True,9,1,https://bkdym.xxx-site.com/bcimkjio,1
35,2,0,5,18,True,9,1,https://aeugp.xxx-site.com/nwcalnms,1
35,2,0,5,18,True,9,1,https://idjzb.xxx-site.com/ypgjgwyh,1
35,2,0,5,18,True,9,1,https://ajpec.xxx-site.com/pgwpzkjd,1
35,2,0,5,18,True,9,1,https://rheii.xxx-site.com/lmehngdx,1
35,2,0,5,18,True,9,1,https://iffhk.xxx-site.com/teblexwb,1
35,2,0,5,18,True,9,1,https://yexly.xxx-site.com/kcjiqdqx,1
35,2,0,5,18,True,9,1,https://qfmug.xxx-site.com/fissrizk,1
35,2,0,5,18,True,9,1,https://zxczj.xxx-site.com/tzlplutj,1
35,2,0,5,18,True,9,1,https://woeeh.xxx-site.com/bnvqnlqc,1
35,2,0,5,18,True,9,1,https://tuifc.xxx-site.com/vesjqgxc,1
35,2,0,5,18,True,9,1,https://ufmlo.xxx-site.com/wiutheno,1
35,2,0,5,18,True,9,1,https://oelan.xxx-site.com/vlryxwlm,1
35,2,0,5,18,True,9,1,https://zmkvf.xxx-site.com/itydpjij,1
35,2,0,5,18,True,9,1,https://gcxga.xxx-site.com/geoidtgt,1
35,2,0,5,18,True,9,1,https://gessh.xxx-site.com/pmwmctal,1
35,2,0,5,18,True,9,1,https://rhshp.xxx-site.com/rgntnujg,1
35,2,0,5,18,True,9,1,https://okpim.xxx-site.com/ngvbtpmc,1
35,2,0,5,18,True,9,1,https://swyel.xxx-site.com/xzgomvew,1
35,2,0,5,18,True,9,1,https://onods.xxx-site.com/dnvcesqc,1
35,2,0,5,18,True,9,1,https://adsmv.xxx-site.com/kzumyxwm,1
35,2,0,5,18,True,9,1,https://ufpqp.xxx-site.com/qsbqrnys,1
35,2,0,5,18,True,9,1,https://jvogq.xxx-site.com/rhznwczp,1
35,2,0,5,18,True,9,1,https://zwjbx.xxx-site.com/vmzqydqi,1
35,2,0,5,18,True,9,1,https://gtmfg.xxx-site.com/woaemfwn,1
35,2,0,5,18,True,9,1,https://hgmkz.xxx-site.com/xybutcct,1
35,2,0,5,18,True,9,1,https://enzkx.xxx-site.com/jvjmqago,1
25,2,0,4,17,True,0,0,https://www.free-hack.com,1
36,2,0,5,19,True,9,1,https://vogwk.free-hack.com/maebpura,1
36,2,0,5,19,True,9,1,https://wzhdw.free-hack.com/tyjltyxy,1
36,2,0,5,19,True,9,1,https://ayvtr.free-hack.com/cwjnmsir,1
36,2,0,5,19,True,9,1,https://dyoda.free-hack.com/kcillamz,1
36,2,0,5,19,True,9,1,https://jrqkr.free-hack.com/wcjetpoj,1
36,2,0,5,19,True,9,1,https://qetxe.free-hack.com/cqxtvzuu,1
36,2,0,5,19,True,9,1,https://pbbbi.free-hack.com/qxqubmon,1
36,2,0,5,19,True,9,1,https://uxfxw.free-hack.com/glnmssxe,1
36,2,0,5,19,True,9,1,https://yssua.free-hack.com/endrnydf,1
36,2,0,5,19,True,9,1,https://gbheq.free-hack.com/fvcvnsmq,1
36,2,0,5,19,True,9,1,https://hggvh.free-hack.com/cmsyoopv,1
36,2,0,5,19,True,9,1,https://cpgnj.free-hack.com/hexgosxt,1
36,2,0,5,19,True,9,1,https://xpkew.free-hack.com/xfljgzkj,1
36,2,0,5,19,True,9,1,https://oxqcr.free-hack.com/jhsegjak,1
36,2,0,5,19,True,9,1,https://ajftf.free-hack.com/rvfhwzae,1
36,2,0,5,19,True,9,1,https://uccqi.free-hack.com/pvhyaghn,1
36,2,0,5,19,True,9,1,https://pmomb.free-hack.com/oeirkxtn,1
36,2,0,5,19,True,9,1,https://elrwx.free-hack.com/qcvrrpas,1
36,2,0,5,19,True,9,1,https://pdqif.free-hack.com/ugpfvztl,1
36,2,0,5,19,True,9,1,https://kobyi.free-hack.com/uobkwluh,1
36,2,0,5,19,True,9,1,https://ppcsk.free-hack.com/xzallwhh,1
36,2,0,5,19,True,9,1,https://cqrol.free-hack.com/shclvpui,1
36,2,0,5,19,True,9,1,https://mzatj.free-hack.com/vpmkryrp,1
36,2,0,5,19,True,9,1,https://webez.free-hack.com/opjbsfiw,1
36,2,0,5,19,True,9,1,https://zllvg.free-hack.com/wptvsrum,1
36,2,0,5,19,True,9,1,https://mwlhq.free-hack.com/bkegmtzm,1
36,2,0,5,19,True,9,1,https://frcqv.free-hack.com/xdryhzqz,1
36,2,0,5,19,True,9,1,https://meqxy.free-hack.com/bflievxs,1
36,2,0,5,19,True,9,1,https://oeptx.free-hack.com/dvaqscnu,1
36,2,0,5,19,True,9,1,https://inqka.free-hack.com/nhjnfeee,1
36,2,0,5,19,True,9,1,https://byaso.free-hack.com/rumyxryf,1
36,2,0,5,19,True,9,1,https://gsozb.free-hack.com/mhbjazbl,1
36,2,0,5,19,True,9,1,https://pqqqo.free-hack.com/jscwvuqg,1
36,2,0,5,19,True,9,1,https://nwmcx.free-hack.com/dricysxm,1
36,2,0,5,19,True,9,1,https://teqin.free-hack.com/zpawkxfd,1
36,2,0,5,19,True,9,1,https://wbasa.free-hack.com/xxrxjkxp,1
36,2,0,5,19,True,9,1,https://objud.free-hack.com/xnslhman,1
36,2,0,5,19,True,9,1,https://yozbr.free-hack.com/nbztlnlo,1
36,2,0,5,19,True,9,1,https://yiqqo.free-hack.com/yzcaielk,1
36,2,0,5,19,True,9,1,https://zrdpo.free-hack.com/kxxqqqpy,1
36,2,0,5,19,True,9,1,https://fwaij.free-hack.com/reneugon,1
36,2,0,5,19,True,9,1,https://ghooj.free-hack.com/jyrzusdb,1
36,2,0,5,19,True,9,1,https://jqtrd.free-hack.com/vekwvpbm,1
36,2,0,5,19,True,9,1,https://ckeho.free-hack.com/mntqakbe,1
36,2,0,5,19,True,9,1,https://jucfp.free-hack.com/unmytxuy,1
36,2,0,5,19,True,9,1,https://pbsmj.free-hack.com/quctqexr,1
36,2,0,5,19,True,9,1,https://tfufi.free-hack.com/flkobqjd,1
36,2,0,5,19,True,9,1,https://npjlg.free-hack.com/gzcwfpbe,1
36,2,0,5,19,True,9,1,https://jetlc.free-hack.com/cbkrxpbx,1
36,2,0,5,19,True,9,1,https://wmvyg.free-hack.com/owhtgrtf,1
23,2,0,3,15,True,0,0,https://www.malware.xyz,1
34,2,0,4,17,True,9,1,https://uootm.malware.xyz/pozdtjlq,1
34,2,0,4,17,True,9,1,https://xxzxl.malware.xyz/hdbqqqcj,1
34,2,0,4,17,True,9,1,https://qgzlm.malware.xyz/kmmbfxuj,1
34,2,0,4,17,True,9,1,https://alkdp.malware.xyz/dctuvuqw,1
34,2,0,4,17,True,9,1,https://tyhxn.malware.xyz/inzyztrx,1
34,2,0,4,17,True,9,1,https://mkyle.malware.xyz/nqcglnop,1
34,2,0,4,17,True,9,1,https://zkjhp.malware.xyz/okfjvqxo,1
34,2,0,4,17,True,9,1,https://pcysx.malware.xyz/bguinqbk,1
34,2,0,4,17,True,9,1,https://bscck.malware.xyz/wsnacdpu,1
34,2,0,4,17,True,9,1,https://fwoms.malware.xyz/ldzcwcyr,1
34,2,0,4,17,True,9,1,https://tbrsr.malware.xyz/srhjkied,1
34,2,0,4,17,True,9,1,https://vramw.malware.xyz/oitbbfbq,1
34,2,0,4,17,True,9,1,https://xoiaw.malware.xyz/kbbylaly,1
34,2,0,4,17,True,9,1,https://wwktu.malware.xyz/ssybnfuu,1
34,2,0,4,17,True,9,1,https://otano.malware.xyz/ivudsyjf,1
34,2,0,4,17,True,9,1,https://hadxo.malware.xyz/wshfdowl,1
34,2,0,4,17,True,9,1,https://sjlib.malware.xyz/fxqijcha,1
34,2,0,4,17,True,9,1,https://phhym.malware.xyz/tallrcfd,1
34,2,0,4,17,True,9,1,https://avbbz.malware.xyz/zirmlfma,1
34,2,0,4,17,True,9,1,https://omuuo.malware.xyz/gcqvaclr,1
34,2,0,4,17,True,9,1,https://pdcva.malware.xyz/jomqozdf,1
34,2,0,4,17,True,9,1,https://rpypb.malware.xyz/taajjlrj,1
34,2,0,4,17,True,9,1,https://aoidx.malware.xyz/ndxpcqhs,1
34,2,0,4,17,True,9,1,https://afxjg.malware.xyz/abwecqns,1
34,2,0,4,17,True,9,1,https://ouxgf.malware.xyz/fadksvqb,1
34,2,0,4,17,True,9,1,https://ivmee.malware.xyz/cqkohmao,1
34,2,0,4,17,True,9,1,https://xlqcg.malware.xyz/uyyzalwz,1
34,2,0,4,17,True,9,1,https://rfbkj.malware.xyz/pfsalinw,1
34,2,0,4,17,True,9,1,https://dphkc.malware.xyz/fbxafgla,1
34,2,0,4,17,True,9,1,https://oikfv.malware.xyz/osanihro,1
34,2,0,4,17,True,9,1,https://nfnix.malware.xyz/fienobno,1
34,2,0,4,17,True,9,1,https://yvzdc.malware.xyz/nlvvuvez,1
34,2,0,4,17,True,9,1,https://xqvso.malware.xyz/rlrjpapl,1
34,2,0,4,17,True,9,1,https://qkvie.malware.xyz/svcvkwng,1
34,2,0,4,17,True,9,1,https://ezzws.malware.xyz/khxqobgc,1
34,2,0,4,17,True,9,1,https://akjzh.malware.xyz/fdepjvhs,1
34,2,0,4,17,True,9,1,https://yewyl.malware.xyz/vzkielhr,1
34,2,0,4,17,True,9,1,https://zibpm.malware.xyz/dbiwacee,1
34,2,0,4,17,True,9,1,https://hjenv.malware.xyz/klqcwisl,1
34,2,0,4,17,True,9,1,https://lvnsy.malware.xyz/tgvmgpys,1
34,2,0,4,17,True,9,1,https://deokj.malware.xyz/gsgygznt,1
34,2,0,4,17,True,9,1,https://apudw.malware.xyz/ahojtiwl,1
34,2,0,4,17,True,9,1,https://iybkm.malware.xyz/dsuvdknu,1
34,2,0,4,17,True,9,1,https://wveac.malware.xyz/vpwwslni,1
34,2,0,4,17,True,9,1,https://dhepf.malware.xyz/eyksurje,1
34,2,0,4,17,True,9,1,https://dzgfg.malware.xyz/hcmbnzgh,1
34,2,0,4,17,True,9,1,https://wpduz.malware.xyz/coqnuyci,1
34,2,0,4,17,True,9,1,https://dkhjb.malware.xyz/xhmfefrf,1
34,2,0,4,17,True,9,1,https://ffwbh.malware.xyz/xhpixbms,1
34,2,0,4,17,True,9,1,https://uskqd.malware.xyz/qodmtika,1
22,2,0,3,14,True,0,0,https://www.virus.site,1
33,2,0,4,16,True,9,1,https://vwlcb.virus.site/knazblpv,1
33,2,0,4,16,True,9,1,https://rbnfd.virus.site/sgdhqvty,1
33,2,0,4,16,True,9,1,https://ccaov.virus.site/cahuseqm,1
33,2,0,4,16,True,9,1,https://bmgfq.virus.site/sdcnkxqs,1
33,2,0,4,16,True,9,1,https://pvlht.virus.site/svzulzxb,1
33,2,0,4,16,True,9,1,https://sphvd.virus.site/bacvoosy,1
33,2,0,4,16,True,9,1,https://mjiho.virus.site/awzuuzod,1
33,2,0,4,16,True,9,1,https://eieba.virus.site/ibvzvzrm,1
33,2,0,4,16,True,9,1,https://ojzjt.virus.site/vfkmigsn,1
33,2,0,4,16,True,9,1,https://krpwe.virus.site/ycvwqlqn,1
33,2,0,4,16,True,9,1,https://hnxym.virus.site/uldzwcwv,1
33,2,0,4,16,True,9,1,https://hpwhr.virus.site/ukxhsmzi,1
33,2,0,4,16,True,9,1,https://jowzb.virus.site/imvdxeac,1
33,2,0,4,16,True,9,1,https://fuuzr.virus.site/jzjdpzjx,1
33,2,0,4,16,True,9,1,https://isyuc.virus.site/hxywcjej,1
33,2,0,4,16,True,9,1,https://mpbdo.virus.site/ufznxwxv,1
33,2,0,4,16,True,9,1,https://brhbj.virus.site/ynwtfqsx,1
33,2,0,4,16,True,9,1,https://mqfhe.virus.site/tpyxhgyz,1
33,2,0,4,16,True,9,1,https://iszez.virus.site/kmwfpczj,1
33,2,0,4,16,True,9,1,https://uicbh.virus.site/zxlrjpdk,1
33,2,0,4,16,True,9,1,https://qkstr.virus.site/eijmpkok,1
33,2,0,4,16,True,9,1,https://swars.virus.site/xnecfwaa,1
33,2,0,4,16,True,9,1,https://yjnjj.virus.site/ramssisv,1
33,2,0,4,16,True,9,1,https://mdkgc.virus.site/wfxqrxlm,1
33,2,0,4,16,True,9,1,https://yysjd.virus.site/mudipxcq,1
33,2,0,4,16,True,9,1,https://cuyax.virus.site/axldtxmt,1
33,2,0,4,16,True,9,1,https://lzfxd.virus.site/nxldnbgy,1
33,2,0,4,16,True,9,1,https://tdkhf.virus.site/jecdlfih,1
33,2,0,4,16,True,9,1,https://lysoc.virus.site/dhmhmwyo,1
33,2,0,4,16,True,9,1,https://asqkc.virus.site/rfrxazfx,1
33,2,0,4,16,True,9,1,https://bjpsm.virus.site/hjpujmva,1
33,2,0,4,16,True,9,1,https://etajh.virus.site/oorxskyt,1
33,2,0,4,16,True,9,1,https://ogkex.virus.site/pjswxoyt,1
33,2,0,4,16,True,9,1,https://ygmwm.virus.site/cqhbcftf,1
33,2,0,4,16,True,9,1,https://rpbcn.virus.site/ufhhngra,1
33,2,0,4,16,True,9,1,https://aijtg.virus.site/nowhqoyt,1
33,2,0,4,16,True,9,1,https://idnoe.virus.site/kmzbwmvk,1
33,2,0,4,16,True,9,1,https://bmqiv.virus.site/pihexddd,1
33,2,0,4,16,True,9,1,https://yysdj.virus.site/ihlwqbpb,1
33,2,0,4,16,True,9,1,https://guijr.virus.site/pgtkefsz,1
33,2,0,4,16,True,9,1,https://vtkwr.virus.site/jlbeytby,1
33,2,0,4,16,True,9,1,https://mxjau.virus.site/exdfowjz,1
33,2,0,4,16,True,9,1,https://pobqz.virus.site/dvsqwjga,1
33,2,0,4,16,True,9,1,https://jgfud.virus.site/qklsprix,1
33,2,0,4,16,True,9,1,https://cspwv.virus.site/yfilqfmv,1
33,2,0,4,16,True,9,1,https://xkpgz.virus.site/oxjidkvm,1
33,2,0,4,16,True,9,1,https://dmlzx.virus.site/lvhyyjhq,1
33,2,0,4,16,True,9,1,https://zthuy.virus.site/goxudjxx,1
33,2,0,4,16,True,9,1,https://hxrgg.virus.site/anfccwoq,1
33,2,0,4,16,True,9,1,https://tvkur.virus.site/hdybeago,1
23,2,0,3,15,True,0,0,https://www.trojan.info,1
34,2,0,4,17,True,9,1,https://ppoym.trojan.info/rkvtaykb,1
34,2,0,4,17,True,9,1,https://icjdl.trojan.info/mnmlcevd,1
34,2,0,4,17,True,9,1,https://vrvyt.trojan.info/eevcmcjv,1
34,2,0,4,17,True,9,1,https://unxzq.trojan.info/dxqmoeys,1
34,2,0,4,17,True,9,1,https://rysom.trojan.info/uslssqrv,1
34,2,0,4,17,True,9,1,https://ostjs.trojan.info/hyjuzxyo,1
34,2,0,4,17,True,9,1,https://vfejf.trojan.info/robneyth,1
34,2,0,4,17,True,9,1,https://uxpeu.trojan.info/awubkzok,1
34,2,0,4,17,True,9,1,https://mulir.trojan.info/qjzbabsw,1
34,2,0,4,17,True,9,1,https://onfve.trojan.info/rcfdwgfw,1
34,2,0,4,17,True,9,1,https://euatj.trojan.info/iglinzbf,1
34,2,0,4,17,True,9,1,https://btxbr.trojan.info/qaoekiik,1
34,2,0,4,17,True,9,1,https://axtqz.trojan.info/mztcvfqy,1
34,2,0,4,17,True,9,1,https://lknoj.trojan.info/awbbivqm,1
34,2,0,4,17,True,9,1,https://qimmz.trojan.info/ilyhrwyu,1
34,2,0,4,17,True,9,1,https://qeaww.trojan.info/xczgkhmt,1
34,2,0,4,17,True,9,1,https://payzy.trojan.info/slesswmj,1
34,2,0,4,17,True,9,1,https://ixubm.trojan.info/aezxdbzh,1
34,2,0,4,17,True,9,1,https://hoplq.trojan.info/tgbfhvff,1
34,2,0,4,17,True,9,1,https://lgbgm.trojan.info/wgolehfw,1
34,2,0,4,17,True,9,1,https://zizxb.trojan.info/kqerafhl,1
34,2,0,4,17,True,9,1,https://jksib.trojan.info/xapnffuj,1
34,2,0,4,17,True,9,1,https://yzakl.trojan.info/fjrohvyx,1
34,2,0,4,17,True,9,1,https://wisgc.trojan.info/vpbicwtu,1
34,2,0,4,17,True,9,1,https://wumdv.trojan.info/zyghrdke,1
34,2,0,4,17,True,9,1,https://hcziu.trojan.info/jtoqkvgr,1
34,2,0,4,17,True,9,1,https://oagys.trojan.info/rvttnafu,1
34,2,0,4,17,True,9,1,https://wpwtq.trojan.info/cgokkjaz,1
34,2,0,4,17,True,9,1,https://kgkfa.trojan.info/wckohrex,1
34,2,0,4,17,True,9,1,https://obzby.trojan.info/gaaevlwx,1
34,2,0,4,17,True,9,1,https://eglux.trojan.info/wtngzuxs,1
34,2,0,4,17,True,9,1,https://unpvu.trojan.info/rdpeblze,1
34,2,0,4,17,True,9,1,https://sjfmn.trojan.info/pzjcxprs,1
34,2,0,4,17,True,9,1,https://kznhv.trojan.info/fenkjivo,1
34,2,0,4,17,True,9,1,https://ygbkx.trojan.info/rjpkexwk,1
34,2,0,4,17,True,9,1,https://vxwuk.trojan.info/ideyvhrb,1
34,2,0,4,17,True,9,1,https://krkka.trojan.info/agpzuvfq,1
34,2,0,4,17,True,9,1,https://txlba.trojan.info/btvqfvgc,1
34,2,0,4,17,True,9,1,https://bayyw.trojan.info/atiigkfv,1
34,2,0,4,17,True,9,1,https://rberp.trojan.info/ofauqdzr,1
34,2,0,4,17,True,9,1,https://tphin.trojan.info/uyumptjc,1
34,2,0,4,17,True,9,1,https://ddpyb.trojan.info/cuhoqsru,1
34,2,0,4,17,True,9,1,https://xzuyw.trojan.info/nmfjrlis,1
34,2,0,4,17,True,9,1,https://trwwe.trojan.info/myuqkxul,1
34,2,0,4,17,True,9,1,https://govtu.trojan.info/rraejgts,1
34,2,0,4,17,True,9,1,https://xvkwj.trojan.info/kogpflfa,1
34,2,0,4,17,True,9,1,https://slmxg.trojan.info/bchziehf,1
34,2,0,4,17,True,9,1,https://qbuyd.trojan.info/solrpxub,1
34,2,0,4,17,True,9,1,https://tfgig.trojan.info/thfongcf,1
34,2,0,4,17,True,9,1,https://bxtly.trojan.info/yrpigjyw,1
